,OrderNumber,UseType,FacilityID,FacilityLongitude,FacilityLatitude,CustomerZIP,TotalPaid,StartDate,EndDate,NumberOfPeople,Tent,Popup,Trailer,RVMotorhome,Boat,Car,FifthWheel,Van,CanoeKayak,BoatTrailer,PowerBoat,PickupCamper,LargeTentOver9x12,SmallTent,CustomerLatitude,CustomerLongitude,LengthOfStay
0,1-5323272,Overnight,234074,-122.51,44.7575,97128-3127,170.0,2007-07-27,2007-07-29,35,,,,,,1.0,,,,,,,,,45.2,-123.3,2
1,1-5384274,Overnight,234059,-109.589,38.7769,84062,54.0,2007-04-18,2007-04-21,8,,,,,,1.0,,,,,,,,,40.39,-111.74,3
2,1-5342597,Overnight,234074,-122.51,44.7575,97317,190.0,2007-08-10,2007-08-12,60,1.0,,1.0,1.0,,,,,,,,,,,44.9,-122.9,2
3,1-4665692,Overnight,234038,-103.304,29.275,78759,129.0,2007-02-21,2007-02-25,10,,,,,,1.0,,,,,,,,,30.4,-97.75,4
4,1-4673458,Overnight,234038,-103.304,29.275,75006,429.0,2007-02-02,2007-02-09,20,1.0,,,,,,,,,,,,,,32.95,-96.89,7
5,1-4673463,Overnight,234038,-103.304,29.275,75006,429.0,2007-02-02,2007-02-09,20,1.0,,,,,,,,,,,,,,32.95,-96.89,7
6,1-4675412,Overnight,234035,-102.961,29.1825,78735,609.0,2007-03-04,2007-03-09,40,,,,,,1.0,,,,,,,,,30.27,-97.87,5
7,1-4675441,Overnight,234035,-102.961,29.1825,78735,609.0,2007-03-04,2007-03-09,40,,,,,,1.0,,,,,,,,,30.27,-97.87,5
8,1-4706690,Overnight,234038,-103.304,29.275,76103,79.0,2007-03-10,2007-03-15,20,,,,,,1.0,,,,,,,,,32.75,-97.27,5
9,1-4731453,Overnight,234059,-109.589,38.7769,84106,174.0,2007-03-22,2007-03-27,11,,,,,,1.0,,,,,,,,,40.71,-111.86,5
10,1-4750165,Overnight,234035,-102.961,29.1825,75137,219.0,2007-03-10,2007-03-17,10,,,,,,1.0,,,,,,,,,32.63,-96.91,7
11,1-4750575,Overnight,234045,-91.4083,37.2831,65202,119.0,2007-06-23,2007-06-25,30,,,,,,1.0,,,,,,,,,39.0,-92.3,2
12,1-4765520,Overnight,234059,-109.589,38.7769,84062,194.0,2007-04-17,2007-04-22,11,1.0,,,,,,,,,,,,,,40.39,-111.74,5
13,1-4785284,Overnight,234059,-109.589,38.7769,84501,108.0,2007-04-06,2007-04-09,11,,,,,,1.0,,,,,,,,,39.6,-110.8,3
14,1-4801495,Overnight,234059,-109.589,38.7769,92107,117.0,2007-04-01,2007-04-04,12,,,,,,1.0,,,,,,,,,32.74,-117.24,3
15,1-4812354,Overnight,234059,-109.589,38.7769,84111,117.0,2007-04-12,2007-04-15,12,,,,,,1.0,,,,,,,,,40.76,-111.88,3
16,1-4857546,Overnight,234035,-102.961,29.1825,79734,249.0,2007-04-23,2007-04-27,20,,,,,,1.0,,,,,,,,,30.8,-103.9,4
17,1-4861418,Overnight,234038,-103.304,29.275,79734,69.0,2007-03-07,2007-03-08,20,,,,,,1.0,,,,,,,,,30.8,-103.9,1
18,1-4899443,Overnight,234059,-109.589,38.7769,84124,75.0,2007-05-11,2007-05-13,11,,,,,,1.0,,,,,,,,,40.68,-111.79,2
19,1-4911251,Overnight,234038,-103.304,29.275,70055,135.0,2007-03-25,2007-03-28,14,1.0,,,,,,,,,,,,,,,,3
20,1-4911254,Overnight,234038,-103.304,29.275,70055,171.0,2007-03-25,2007-03-28,18,1.0,,,,,,,,,,,,,,,,3
21,1-4911264,Overnight,234038,-103.304,29.275,70055,144.0,2007-03-25,2007-03-28,15,1.0,,,,,,,,,,,,,,,,3
22,1-4911269,Overnight,234038,-103.304,29.275,70055,99.0,2007-03-25,2007-03-28,10,1.0,,,,,,,,,,,,,,,,3
23,1-4911311,Overnight,234038,-103.304,29.275,70055,189.0,2007-03-24,2007-03-29,12,,,,,,1.0,,,,,,,,,,,5
24,1-4911322,Overnight,234038,-103.304,29.275,70055,189.0,2007-03-24,2007-03-29,12,,,,,,1.0,,,,,,,,,,,5
25,1-4911327,Overnight,234038,-103.304,29.275,70055,189.0,2007-03-24,2007-03-29,12,,,,,,1.0,,,,,,,,,,,5
26,1-4938896,Overnight,234059,-109.589,38.7769,80302,240.0,2007-03-24,2007-03-31,11,,,,,,1.0,,,,,,,,,40.1,-105.4,7
27,1-4940493,Overnight,234059,-109.589,38.7769,80917,174.0,2007-05-06,2007-05-11,11,1.0,,,,,,,,,,,,,,38.89,-104.75,5
28,1-4972117,Overnight,234177,-122.351,44.5858,97377,110.0,2007-05-25,2007-05-28,50,,,,,,1.0,,,,,,,,,44.5,-123.1,3
29,1-4974724,Overnight,234038,-103.304,29.275,78757,249.0,2007-04-09,2007-04-13,20,,,,,,1.0,,,,,,,,,30.35,-97.73,4
30,1-4974737,Overnight,234038,-103.304,29.275,78757,249.0,2007-04-09,2007-04-13,20,,,,,,1.0,,,,,,,,,30.35,-97.73,4
31,1-4974747,Overnight,234038,-103.304,29.275,78757,129.0,2007-04-09,2007-04-13,10,,,,,,1.0,,,,,,,,,30.35,-97.73,4
32,1-4980438,Overnight,234059,-109.589,38.7769,80210,108.0,2007-05-25,2007-05-28,11,,,,,,1.0,,,,,,,,,39.68,-104.96,3
33,1-4985327,Overnight,234043,-92.5569,36.0731,72227,108.0,2007-05-25,2007-05-28,10,1.0,,,,,1.0,,,,,,,,,34.78,-92.37,3
34,1-4985338,Overnight,234043,-92.5569,36.0731,72227,108.0,2007-05-25,2007-05-28,10,1.0,,,,,1.0,,,,,,,,,34.78,-92.37,3
35,1-4985341,Overnight,234043,-92.5569,36.0731,72227,108.0,2007-05-25,2007-05-28,10,1.0,,,,,1.0,,,,,,,,,34.78,-92.37,3
36,1-4999174,Overnight,234050,-96.9675,34.505,77039,19.0,2007-05-26,2007-05-29,30,1.0,,,,,,,,,,,,,,29.91,-95.34,3
37,1-5040807,Overnight,234079,-112.167,37.6344,94710,19.0,2007-06-06,2007-06-08,29,,,,,,1.0,,,,,,,,,37.87,-122.31,2
38,1-5060824,Overnight,234038,-103.304,29.275,79110,234.0,2007-03-18,2007-03-23,15,,,,,,1.0,,,,,,,,,35.15,-101.87,5
39,1-5069090,Overnight,234035,-102.961,29.1825,78239,69.0,2007-02-10,2007-02-16,2,,,,,,1.0,,,,,,,,,29.52,-98.36,6
40,1-5072815,Overnight,234043,-92.5569,36.0731,72802,75.0,2007-06-01,2007-06-03,10,,,,,,1.0,,,,,,,,,35.3,-93.1,2
41,1-5072839,Overnight,234043,-92.5569,36.0731,72802,75.0,2007-06-01,2007-06-03,10,,,,,,1.0,,,,,,,,,35.3,-93.1,2
42,1-5082806,Overnight,234079,-112.167,37.6344,94710,201.0,2007-06-14,2007-06-16,29,,,,,,1.0,,,,,,,,,37.87,-122.31,2
43,1-5090062,Overnight,234035,-102.961,29.1825,14580,44.0,2007-02-13,2007-02-20,2,,,,,,1.0,,,,,,,,,43.22,-77.45,7
44,1-5090893,Overnight,234057,-107.172,38.4856,81004,359.0,2007-06-15,2007-06-22,30,,,1.0,,,1.0,1.0,,,,,,,,38.1,-104.7,7
45,1-5092236,Overnight,234050,-96.9675,34.505,74753,129.0,2007-06-14,2007-06-19,30,1.0,,,,,1.0,,,,,,,,,33.906,-96.537,5
46,1-5121359,Overnight,234038,-103.304,29.275,79734,19.0,2007-03-20,2007-03-21,20,,,,,,1.0,,,,,,,,,30.8,-103.9,1
47,1-5137738,Overnight,234057,-107.172,38.4856,80540,109.0,2007-06-22,2007-06-24,4,,,,,,1.0,,,,,,,,,40.2,-105.4,2
48,1-5139202,Overnight,234079,-112.167,37.6344,80301,60.0,2007-05-27,2007-05-28,14,,,,,,1.0,,,,,,,,,40.05,-105.21,1
49,1-5140586,Overnight,234057,-107.172,38.4856,80540,59.0,2007-06-24,2007-06-25,4,,,,,,1.0,,,,,,,,,40.2,-105.4,1
50,1-5141838,Overnight,234059,-109.589,38.7769,84020,75.0,2007-04-05,2007-04-07,11,,,,,,1.0,,,,,,,,,40.49,-111.85,2
51,1-5143839,Overnight,234035,-102.961,29.1825,78023,89.0,2007-03-03,2007-03-17,2,,,,,,1.0,,,,,,,,,29.6,-98.8,14
52,1-5144001,Overnight,234035,-102.961,29.1825,44047,79.0,2007-02-25,2007-03-11,2,,,1.0,,,,1.0,,,,,,,,41.7,-80.7,14
53,1-5156611,Overnight,234035,-102.961,29.1825,75061,79.0,2007-02-28,2007-03-14,2,,,,,,1.0,,,,,,,,,32.83,-97.01,14
54,1-5160020,Overnight,234035,-102.961,29.1825,43420,79.0,2007-03-01,2007-03-15,6,,,,1.0,,1.0,,,,,,,,,41.4,-83.1,14
55,1-5160028,Overnight,234035,-102.961,29.1825,79416,79.0,2007-03-01,2007-03-15,8,,,1.0,,,,,,,,,,,,33.61,-101.97,14
56,1-5160039,Overnight,234035,-102.961,29.1825,79424,79.0,2007-03-01,2007-03-15,2,,,1.0,,,,,,,,,,,,33.47,-101.94,14
57,1-5160098,Overnight,234046,-91.4497,37.1472,64119,209.0,2007-06-08,2007-06-10,10,,,,,,1.0,,,,,,,,,39.21,-94.51,2
58,1-5160171,Overnight,234035,-102.961,29.1825,79323,89.0,2007-03-03,2007-03-17,2,,,1.0,,,,,,,,,,,,33.0,-102.8,14
59,1-5160349,Overnight,234035,-102.961,29.1825,67050,79.0,2007-03-01,2007-03-15,2,,,1.0,,,,,,,,,,,,37.67,-97.68,14
60,1-5165435,Overnight,234079,-112.167,37.6344,94710,177.0,2007-06-30,2007-07-02,25,,,,,,1.0,,,,,,,,,37.87,-122.31,2
61,1-5176263,Overnight,234074,-122.51,44.7575,97124,80.0,2007-06-22,2007-06-24,6,,,,,,1.0,,,,,,,,,45.6,-123.0,2
62,1-5177509,Overnight,234074,-122.51,44.7575,97203,345.0,2007-06-30,2007-07-05,60,,,,,,1.0,,,,,,,,,45.61,-122.75,5
63,1-5177714,Overnight,234035,-102.961,29.1825,M4S2P9,59.0,2007-01-23,2007-01-28,2,,,,,,1.0,,,,,,,,,,,5
64,1-5180934,Overnight,234074,-122.51,44.7575,97322,170.0,2007-06-29,2007-07-01,35,1.0,,1.0,,,,,,,,,,,,44.6,-123.0,2
65,1-5185055,Overnight,234068,-118.312,48.1246,99117,259.0,2007-06-29,2007-07-04,20,,,,,,1.0,,,,,,,,,47.7,-118.5,5
66,1-5186455,Overnight,234070,-118.69,47.9268,99224,259.0,2007-06-29,2007-07-05,15,,,,,,1.0,,,,,,,,,47.6,-117.5,6
67,1-5189369,Overnight,234045,-91.4083,37.2831,62801,309.0,2007-07-05,2007-07-08,15,,,,,,1.0,,,,,,,,,38.5,-89.2,3
68,1-5189977,Overnight,234070,-118.69,47.9268,99185,209.0,2007-07-04,2007-07-09,25,,,,,,1.0,,,,,,,,,47.7,-118.7,5
69,1-5190898,Overnight,234074,-122.51,44.7575,97305,95.0,2007-06-29,2007-07-01,60,,,,,,1.0,,,,,,,,,45.0,-122.9,2
70,1-5193029,Overnight,234059,-109.589,38.7769,43023,151.0,2007-03-11,2007-03-13,22,,,,,,1.0,,,,,,,,,40.1,-82.5,2
71,1-5193460,Day,234074,-122.51,44.7575,97222,60.0,2007-07-05,2007-07-05,20,,,,,,1.0,,,,,,,,,45.44,-122.62,0
72,1-5199677,Overnight,234074,-122.51,44.7575,97305,170.0,2007-07-06,2007-07-08,50,,,,,,1.0,1.0,,,,,,,,45.0,-122.9,2
73,1-5199681,Overnight,234074,-122.51,44.7575,97305,170.0,2007-07-06,2007-07-08,50,,,,,,1.0,1.0,,,,,,,,45.0,-122.9,2
74,1-5200094,Day,234074,-122.51,44.7575,97222,60.0,2007-07-06,2007-07-06,40,,,,,,1.0,,,,,,,,,45.44,-122.62,0
75,1-5204059,Day,234074,-122.51,44.7575,97358,110.0,2007-07-07,2007-07-07,150,,,,,,1.0,,,,,,,,,44.8,-122.5,0
76,1-5204389,Overnight,234059,-109.589,38.7769,84020,19.0,2007-03-09,2007-03-12,2,,,,1.0,,,,,,,,,,,40.49,-111.85,3
77,1-5207022,Overnight,234038,-103.304,29.275,78613,19.0,2007-03-09,2007-03-12,3,,,,,,1.0,,,,,,,,,30.5,-97.82,3
78,1-5208288,Overnight,234035,-102.961,29.1825,78761,59.0,2007-03-10,2007-03-15,8,,,,,,1.0,,,,,,,,,,,5
79,1-5208669,Overnight,234038,-103.304,29.275,77015-2434,59.0,2007-03-10,2007-03-18,4,,,1.0,,,,1.0,,,,,,,,29.77,-95.16,8
80,1-5211479,Overnight,234035,-102.961,29.1825,77381,79.0,2007-03-10,2007-03-17,5,,,,,,1.0,,,,,,,,,30.18,-95.5,7
81,1-5211505,Overnight,234035,-102.961,29.1825,77381,79.0,2007-03-10,2007-03-17,5,,,,,,1.0,,,,,,,,,30.18,-95.5,7
82,1-5212438,Overnight,234035,-102.961,29.1825,77019-5897,309.0,2007-02-18,2007-02-23,20,,,,,,1.0,,,,,,,,,29.75,-95.41,5
83,1-5212439,Overnight,234035,-102.961,29.1825,77019-5897,309.0,2007-02-18,2007-02-23,20,,,,,,1.0,,,,,,,,,29.75,-95.41,5
84,1-5212440,Overnight,234035,-102.961,29.1825,77019-5897,609.0,2007-02-18,2007-02-23,40,,,,,,1.0,,,,,,,,,29.75,-95.41,5
85,1-5212441,Overnight,234035,-102.961,29.1825,77019-5897,609.0,2007-02-18,2007-02-23,40,,,,,,1.0,,,,,,,,,29.75,-95.41,5
86,1-5212446,Overnight,234038,-103.304,29.275,77019-5897,309.0,2007-02-18,2007-02-23,20,,,,,,1.0,,,,,,,,,29.75,-95.41,5
87,1-5212449,Overnight,234038,-103.304,29.275,77019-5897,189.0,2007-02-18,2007-02-23,12,,,,,,1.0,,,,,,,,,29.75,-95.41,5
88,1-5212450,Overnight,234038,-103.304,29.275,77019-5897,219.0,2007-02-18,2007-02-23,14,,,,,,1.0,,,,,,,,,29.75,-95.41,5
89,1-5212471,Overnight,234038,-103.304,29.275,75703,59.0,2007-03-11,2007-03-16,8,,,,,,1.0,,,,,,,,,32.2,-95.3,5
90,1-5212474,Overnight,234038,-103.304,29.275,75703,59.0,2007-03-11,2007-03-16,8,,,,,,1.0,,,,,,,,,32.2,-95.3,5
91,1-5218064,Overnight,234038,-103.304,29.275,78759,49.0,2007-03-12,2007-03-16,8,1.0,,,,,,1.0,,,,,,,,30.4,-97.75,4
92,1-5220516,Overnight,234038,-103.304,29.275,78726,69.0,2007-03-10,2007-03-16,4,,,,,,1.0,,,,,,,,,30.43,-97.84,6
93,1-5221903,Overnight,234038,-103.304,29.275,76116,59.0,2007-03-12,2007-03-17,8,,,,,,,1.0,,,,,,,,32.72,-97.46,5
94,1-5221935,Overnight,234038,-103.304,29.275,76116,59.0,2007-03-12,2007-03-17,8,,,,,,,1.0,,,,,,,,32.72,-97.46,5
95,1-5221940,Overnight,234038,-103.304,29.275,76116,59.0,2007-03-12,2007-03-17,8,,,,,,,1.0,,,,,,,,32.72,-97.46,5
96,1-5222523,Overnight,234038,-103.304,29.275,77346,49.0,2007-03-10,2007-03-18,5,,,1.0,,,1.0,1.0,,,,,,,,29.98,-95.18,8
97,1-5224179,Overnight,234045,-91.4083,37.2831,62260,309.0,2007-06-21,2007-06-24,40,,,,,,1.0,,,,,,,,,38.5,-90.1,3
98,1-5225867,Overnight,234043,-92.5569,36.0731,71342,87.0,2007-04-13,2007-04-15,12,,,,,,1.0,,,,,,,,,31.6,-92.2,2
99,1-5225934,Overnight,234038,-103.304,29.275,77707,39.0,2007-03-14,2007-03-17,3,,,,,,1.0,,,,,,,,,30.05,-94.17,3
100,1-5226007,Overnight,234074,-122.51,44.7575,97203,200.0,2007-07-12,2007-07-17,2,,,,,,1.0,,,,,,,,,45.61,-122.75,5
101,1-5226013,Overnight,234074,-122.51,44.7575,97203,200.0,2007-07-12,2007-07-17,2,,,,,,1.0,,,,,,,,,45.61,-122.75,5
102,1-5235144,Overnight,234079,-112.167,37.6344,94710,201.0,2007-07-08,2007-07-10,29,,,,,,1.0,,,,,,,,,37.87,-122.31,2
103,1-5235177,Overnight,234079,-112.167,37.6344,94710,201.0,2007-07-11,2007-07-13,29,,,,,,1.0,,,,,,,,,37.87,-122.31,2
104,1-5235500,Overnight,234066,-118.115,48.5924,99205,159.0,2007-05-25,2007-05-28,25,,,,,,1.0,,,,,,,,,47.69,-117.45,3
105,1-5241846,Overnight,234038,-103.304,29.275,54901,189.0,2007-03-19,2007-03-24,12,,,,,,1.0,,,,,,,,,44.07,-88.52,5
106,1-5242003,Overnight,234059,-109.589,38.7769,84020,31.5,2007-03-16,2007-03-19,2,,,,1.0,,1.0,,,,,,,,,40.49,-111.85,3
107,1-5242119,Overnight,234177,-122.351,44.5858,97355,80.0,2007-06-08,2007-06-10,50,,,,,,1.0,,,,,,,,,44.5,-122.8,2
108,1-5242795,Overnight,234070,-118.69,47.9268,98058,359.0,2007-07-14,2007-07-22,25,,,,1.0,,,1.0,,,,,,,,47.44,-122.12,8
109,1-5244626,Overnight,234035,-102.961,29.1825,77995,19.0,2007-03-10,2007-03-15,4,,,,,,1.0,,,,,,,,,29.2,-97.1,5
110,1-5249968,Overnight,234035,-102.961,29.1825,85749,69.0,2007-03-16,2007-03-17,20,,,,,,1.0,,,,,,,,,32.4,-110.7,1
111,1-5251879,Overnight,234038,-103.304,29.275,78247,39.0,2007-03-12,2007-03-15,3,1.0,,,,,,,,,,,,,,29.57,-98.41,3
112,1-5254275,Overnight,234038,-103.304,29.275,78749,19.0,2007-03-14,2007-03-16,8,,,,,,1.0,,,,,,,,,30.21,-97.86,2
113,1-5254324,Overnight,234038,-103.304,29.275,78749,29.0,2007-03-14,2007-03-16,8,,,,,,1.0,,,,,,,,,30.21,-97.86,2
114,1-5256447,Day,234074,-122.51,44.7575,97477,230.0,2007-07-12,2007-07-14,50,,,,,,1.0,,,,,,,,,44.07,-123.0,2
115,1-5262101,Overnight,234068,-118.312,48.1246,99016-8680,209.0,2007-07-12,2007-07-16,25,,,,,,1.0,,,,,,,,,47.63,-117.15,4
116,1-5263467,Overnight,234035,-102.961,29.1825,80304,79.0,2007-03-03,2007-03-17,2,,,,,,1.0,,,,,,,,,40.05,-105.29,14
117,1-5263703,Overnight,234070,-118.69,47.9268,98223,409.0,2007-07-09,2007-07-19,25,,,,,,1.0,,,,,,,,,48.2,-122.0,10
118,1-5265966,Overnight,234057,-107.172,38.4856,81230,259.0,2007-07-12,2007-07-17,50,,,,,,1.0,,,,,,,,,38.6,-106.9,5
119,1-5266623,Overnight,234038,-103.304,29.275,75087,59.0,2007-03-15,2007-03-20,2,,,,,,1.0,,,,,,,,,32.94,-96.44,5
120,1-5267823,Overnight,234079,-112.167,37.6344,94710,19.0,2007-07-16,2007-07-18,29,,,,,,1.0,,,,,,,,,37.87,-122.31,2
121,1-5268213,Overnight,234038,-103.304,29.275,77657,29.0,2007-03-11,2007-03-16,3,1.0,,,,,,,,,,,,,,30.23,-94.2,5
122,1-5268222,Overnight,234038,-103.304,29.275,77657,29.0,2007-03-11,2007-03-16,3,1.0,,,,,,,,,,,,,,30.23,-94.2,5
123,1-5268226,Overnight,234038,-103.304,29.275,77657,29.0,2007-03-11,2007-03-16,3,1.0,,,,,,,,,,,,,,30.23,-94.2,5
124,1-5270090,Overnight,234074,-122.51,44.7575,97304,235.0,2007-07-19,2007-07-22,30,1.0,,1.0,,,1.0,,,,,,,,,45.0,-123.1,3
125,1-5270671,Day,234074,-122.51,44.7575,97305,110.0,2007-07-01,2007-07-01,130,,,,,,1.0,,,,,,,,,45.0,-122.9,0
126,1-5273007,Overnight,234074,-122.51,44.7575,97325,170.0,2007-07-20,2007-07-22,60,,,,,,1.0,,,,,,,,,44.82,-122.86,2
127,1-5273020,Overnight,234074,-122.51,44.7575,97305,80.0,2007-07-20,2007-07-22,6,,,,,,1.0,,,,,,,,,45.0,-122.9,2
128,1-5273022,Overnight,234074,-122.51,44.7575,97305,80.0,2007-07-20,2007-07-22,6,,,,,,1.0,,,,,,,,,45.0,-122.9,2
129,1-5274634,Overnight,234059,-109.589,38.7769,84403,39.0,2007-03-22,2007-03-26,2,1.0,,,,,1.0,,,,,,,,,41.19,-111.9,4
130,1-5277368,Overnight,234035,-102.961,29.1825,78232,39.0,2007-03-14,2007-03-17,4,,,,,,1.0,,,,,,,,,29.58,-98.48,3
131,1-5278165,Day,234074,-122.51,44.7575,97325,110.0,2007-07-21,2007-07-21,150,,,,,,1.0,,,,,,,,,44.82,-122.86,0
132,1-5278184,Overnight,234070,-118.69,47.9268,98284,609.0,2007-07-21,2007-08-04,20,1.0,,1.0,,,1.0,,,,,,,,,48.5,-122.1,14
133,1-5278427,Overnight,234059,-109.589,38.7769,84020,19.0,2007-03-23,2007-03-26,2,,,,1.0,,,,,,,,,,,40.49,-111.85,3
134,1-5283081,Overnight,234070,-118.69,47.9268,98001,309.0,2007-07-22,2007-07-29,20,,,,1.0,,,,,,,,,,,47.31,-122.27,7
135,1-5287389,Overnight,234074,-122.51,44.7575,97325,170.0,2007-07-20,2007-07-22,50,1.0,,,1.0,,,,,,,,,,,44.82,-122.86,2
136,1-5288564,Overnight,234079,-112.167,37.6344,00983,345.0,2007-07-18,2007-07-22,25,,,1.0,,,,,,,,,,,,18.36,-65.97,4
137,1-5289415,Day,234075,-121.987,45.3561,98684,105.0,2007-07-14,2007-07-14,50,,,,,,1.0,,,,,,,,,45.63,-122.52,0
138,1-5290692,Overnight,234070,-118.69,47.9268,99185,159.0,2007-06-29,2007-07-02,25,,,,,,1.0,,,,,,,,,47.7,-118.7,3
139,1-5291881,Overnight,234070,-118.69,47.9268,98223,109.0,2007-07-19,2007-07-21,25,,,,,,1.0,,,,,,,,,48.2,-122.0,2
140,1-5293356,Overnight,234071,-118.939,47.9331,98387,509.0,2007-07-06,2007-07-17,13,,,,,,1.0,,,,,,,,,47.1,-122.4,11
141,1-5293683,Overnight,234038,-103.304,29.275,76712,19.0,2007-03-10,2007-03-14,4,,,,,,1.0,,,,,,,,,31.53,-97.24,4
142,1-5294017,Overnight,234071,-118.939,47.9331,98136,19.0,2007-07-19,2007-07-22,15,,,,,,1.0,,,,,,,,,47.55,-122.39,3
143,1-5297968,Overnight,234074,-122.51,44.7575,97301,235.0,2007-07-26,2007-07-29,40,,,1.0,,,,1.0,,,,,,,,44.96,-123.0,3
144,1-5297974,Overnight,234074,-122.51,44.7575,97301,120.0,2007-07-26,2007-07-29,4,,,,,,1.0,,,,,,,,,44.96,-123.0,3
145,1-5297976,Overnight,234074,-122.51,44.7575,97301,120.0,2007-07-26,2007-07-29,4,,,,,,,1.0,,,,,,,,44.96,-123.0,3
146,1-5299323,Overnight,234074,-122.51,44.7575,97017,365.0,2007-07-10,2007-07-15,60,,,,,,1.0,,,,,,,,,45.2,-122.4,5
147,1-5302213,Overnight,234070,-118.69,47.9268,99185,209.0,2007-06-14,2007-06-18,25,,,,,,1.0,,,,,,,,,47.7,-118.7,4
148,1-5305192,Overnight,234074,-122.51,44.7575,97330,170.0,2007-07-27,2007-07-29,12,1.0,1.0,,,,,,,,,,,,,44.6,-123.3,2
149,1-5308142,Day,234074,-122.51,44.7575,97322,110.0,2007-07-07,2007-07-07,150,,,,,,1.0,,,,,,,,,44.6,-123.0,0
150,1-5308203,Overnight,234074,-122.51,44.7575,97322,235.0,2007-07-06,2007-07-09,60,,,,,,1.0,,,,,,,,,44.6,-123.0,3
151,1-5309240,Overnight,234059,-109.589,38.7769,84020,19.0,2007-03-30,2007-04-02,2,,,,1.0,,,,,,,,,,,40.49,-111.85,3
152,1-5311776,Overnight,234046,-91.4497,37.1472,63025,162.0,2007-06-29,2007-07-08,6,,,,,,1.0,,,,,,,,,38.48,-90.61,9
153,1-5311830,Overnight,234046,-91.4497,37.1472,63025,77.0,2007-06-30,2007-07-04,6,,,,,,1.0,,,,,,,,,38.48,-90.61,4
154,1-5313098,Overnight,234068,-118.312,48.1246,99026,159.0,2007-07-26,2007-07-29,25,,,,,,1.0,,,,,,,,,47.8,-117.6,3
155,1-5313472,Overnight,234070,-118.69,47.9268,98328,459.0,2007-07-29,2007-08-08,25,,,,,,1.0,,,,,,,,,46.9,-122.3,10
156,1-5314229,Day,234074,-122.51,44.7575,97123,340.0,2007-07-27,2007-07-30,150,,,,,,1.0,,,,,,,,,45.4,-123.0,3
157,1-5315296,Overnight,234071,-118.939,47.9331,98026,359.0,2007-06-23,2007-07-01,15,,,1.0,,,,1.0,,,,,,,,47.84,-122.33,8
158,1-5317415,Overnight,234068,-118.312,48.1246,99223,159.0,2007-07-26,2007-07-29,25,,,,,,1.0,,,,,,,,,47.59,-117.32,3
159,1-5317422,Overnight,234068,-118.312,48.1246,99223,159.0,2007-07-26,2007-07-29,25,,,,,,1.0,,,,,,,,,47.59,-117.32,3
160,1-5321644,Overnight,234038,-103.304,29.275,78749,29.0,2007-03-14,2007-03-16,8,,,,,,1.0,,,,,,,,,30.21,-97.86,2
161,1-5321658,Overnight,234038,-103.304,29.275,78749,29.0,2007-03-14,2007-03-16,8,,,,,,1.0,,,,,,,,,30.21,-97.86,2
162,1-5323823,Overnight,234035,-102.961,29.1825,78148,59.0,2007-03-11,2007-03-16,3,,,,,,1.0,,,,,,,,,29.55,-98.3,5
163,1-5325385,Overnight,234079,-112.167,37.6344,94710,207.0,2007-08-01,2007-08-03,30,,,,,,1.0,,,,,,,,,37.87,-122.31,2
164,1-5328095,Overnight,234074,-122.51,44.7575,97402,235.0,2007-08-02,2007-08-05,15,,,,1.0,,,,,,,,,,,44.0,-123.2,3
165,1-5329346,Overnight,234050,-96.9675,34.505,73109,105.0,2007-08-02,2007-08-06,30,,,,,,1.0,,,,,,,,,35.43,-97.52,4
166,1-5329351,Overnight,234050,-96.9675,34.505,73109,105.0,2007-08-02,2007-08-06,30,,,,,,1.0,,,,,,,,,35.43,-97.52,4
167,1-5329353,Overnight,234050,-96.9675,34.505,73109,105.0,2007-08-02,2007-08-06,30,,,,,,1.0,,,,,,,,,35.43,-97.52,4
168,1-5329428,Overnight,234035,-102.961,29.1825,04352,79.0,2007-03-04,2007-03-11,2,,,,,,1.0,,,,,,,,,44.47,-69.96,7
169,1-5333411,Overnight,234059,-109.589,38.7769,84037,39.0,2007-04-05,2007-04-07,9,,,,,,1.0,,,,,,,,,41.03,-111.94,2
170,1-5333487,Overnight,234069,-118.312,47.9088,98042,409.0,2007-07-27,2007-08-05,20,,,,,,1.0,,,,,,,,,47.36,-122.11,9
171,1-5333811,Overnight,234059,-109.589,38.7769,84037,39.0,2007-04-05,2007-04-07,9,1.0,,,,,,1.0,,,,,,,,41.03,-111.94,2
172,1-5333942,Overnight,234074,-122.51,44.7575,97305,10.0,2007-06-22,2007-06-25,60,,,,,,1.0,,,,,,,,,45.0,-122.9,3
173,1-5335661,Overnight,234068,-118.312,48.1246,99109,159.0,2007-08-02,2007-08-05,20,,,,,,1.0,,,,,,,,,48.3,-117.8,3
174,1-5337267,Overnight,234357,-91.4831,37.3344,62062,19.0,2007-08-03,2007-08-06,15,,,,,,1.0,,,,,,,,,38.73,-89.97,3
175,1-5338225,Overnight,234070,-118.69,47.9268,83617,609.0,2007-08-04,2007-08-18,25,,,,,,1.0,,,,,,,,,44.0,-116.5,14
176,1-5338568,Overnight,234079,-112.167,37.6344,94710,207.0,2007-08-04,2007-08-06,30,,,,,,1.0,,,,,,,,,37.87,-122.31,2
177,1-5339135,Overnight,234074,-122.51,44.7575,97301,85.0,2007-08-04,2007-08-05,60,,,,,,1.0,,,,,,,,,44.96,-123.0,1
178,1-5342765,Overnight,234059,-109.589,38.7769,84604,39.0,2007-04-04,2007-04-08,4,,,,1.0,,,,,,,,,,,40.3,-111.5,4
179,1-5346815,Overnight,234074,-122.51,44.7575,97266,325.0,2007-07-01,2007-07-06,30,,,,,,1.0,,,,,,,,,45.48,-122.56,5
180,1-5349162,Overnight,234068,-118.312,48.1246,99101,109.0,2007-07-20,2007-07-22,25,,,,,,1.0,,,,,,,,,48.4,-117.9,2
181,1-5351301,Overnight,234070,-118.69,47.9268,98277,459.0,2007-08-08,2007-08-19,11,,,,,,1.0,,,,,,,,,48.3,-122.7,11
182,1-5354986,Overnight,234059,-109.589,38.7769,84604,99.0,2007-04-02,2007-04-08,4,,,1.0,,,,,,,,,,,,40.3,-111.5,6
183,1-5355000,Overnight,234059,-109.589,38.7769,84604,46.5,2007-04-03,2007-04-08,7,,,1.0,,,,,,,,,,,,40.3,-111.5,5
184,1-5355007,Overnight,234059,-109.589,38.7769,84604,69.0,2007-04-04,2007-04-08,5,,,1.0,,,,,,,,,,,,40.3,-111.5,4
185,1-5355013,Overnight,234059,-109.589,38.7769,84604,69.0,2007-04-04,2007-04-08,8,,,1.0,,,,,,,,,,,,40.3,-111.5,4
186,1-5355055,Overnight,234059,-109.589,38.7769,84020,31.5,2007-04-13,2007-04-16,2,,,,1.0,,,,,,,,,,,40.49,-111.85,3
187,1-5355259,Overnight,234079,-112.167,37.6344,94710,207.0,2007-08-09,2007-08-11,30,,,,,,1.0,,,,,,,,,37.87,-122.31,2
188,1-5355465,Overnight,234071,-118.939,47.9331,98208,19.0,2007-07-26,2007-08-02,16,,,,,,1.0,,,,,,,,,47.9,-122.18,7
189,1-5357617,Overnight,234057,-107.172,38.4856,80241,209.0,2007-08-09,2007-08-13,50,,,,,,1.0,,,,,,,,,39.93,-104.96,4
190,1-5357798,Overnight,234070,-118.69,47.9268,99224,59.0,2007-06-28,2007-06-29,10,,,,,,1.0,,,,,,,,,47.6,-117.5,1
191,1-5359775,Overnight,234059,-109.589,38.7769,84065,69.0,2007-04-04,2007-04-08,10,,,,,,1.0,,,,,,,,,40.48,-111.97,4
192,1-5359789,Overnight,234059,-109.589,38.7769,84065,69.0,2007-04-04,2007-04-08,10,,,,,,1.0,,,,,,,,,40.48,-111.97,4
193,1-5359800,Overnight,234059,-109.589,38.7769,84065,69.0,2007-04-04,2007-04-08,10,,,,,,1.0,,,,,,,,,40.48,-111.97,4
194,1-5360534,Overnight,234071,-118.939,47.9331,99207,209.0,2007-08-06,2007-08-11,25,,,,,,1.0,,,,,,,,,47.69,-117.39,5
195,1-5360649,Overnight,234059,-109.589,38.7769,52245,54.0,2007-04-12,2007-04-15,2,,,,,,1.0,,,,,,,,,41.67,-91.51,3
196,1-5361510,Overnight,234038,-103.304,29.275,78704,39.0,2007-03-12,2007-03-14,5,,,,,,1.0,,,,,,,,,30.24,-97.75,2
197,1-5361565,Overnight,234035,-102.961,29.1825,78704,29.0,2007-03-10,2007-03-12,5,,,,,,1.0,,,,,,,,,30.24,-97.75,2
198,1-5363577,Overnight,234068,-118.312,48.1246,99353,69.0,2007-08-02,2007-08-12,25,1.0,,,,,,,,,,,,,,46.32,-119.4,10
199,1-5367102,Overnight,234038,-103.304,29.275,77339,333.0,2007-03-10,2007-03-16,18,,,,,,1.0,,,,,,,,,30.05,-95.22,6
200,1-5367120,Overnight,234038,-103.304,29.275,77339,225.0,2007-03-10,2007-03-16,12,,,,,,1.0,,,,,,,,,30.05,-95.22,6
201,1-5368109,Day,234074,-122.51,44.7575,97374,110.0,2007-08-12,2007-08-12,150,,,,,,1.0,,,,,,,,,44.7,-122.7,0
202,1-5368349,Overnight,234079,-112.167,37.6344,94710,19.0,2007-08-12,2007-08-14,30,,,,,,1.0,,,,,,,,,37.87,-122.31,2
203,1-5368377,Overnight,234074,-122.51,44.7575,97206,160.0,2007-07-29,2007-08-02,4,,,,,,1.0,,,,,,,,,45.48,-122.6,4
204,1-5370409,Overnight,234059,-109.589,38.7769,80401,54.0,2007-03-26,2007-03-29,4,,,,,,1.0,,,,,,,,,39.7,-105.2,3
205,1-5372009,Overnight,234035,-102.961,29.1825,77025,69.0,2007-04-12,2007-04-18,2,,,,,,1.0,,,,,,,,,29.68,-95.43,6
206,1-5373271,Overnight,234071,-118.939,47.9331,98208,19.0,2007-07-22,2007-07-26,16,,,,,,1.0,,,,,,,,,47.9,-122.18,4
207,1-5373885,Overnight,234059,-109.589,38.7769,84062,99.0,2007-04-16,2007-04-22,10,1.0,,,,,1.0,,,,,,,,,40.39,-111.74,6
208,1-5375439,Overnight,234074,-122.51,44.7575,97701',300.0,2007-08-15,2007-08-19,60,1.0,,1.0,,,1.0,,,,,,,,,44.0,-121.3,4
209,1-5375854,Overnight,234069,-118.312,47.9088,99208,559.0,2007-07-03,2007-07-16,12,,,,,,1.0,,,,,,,,,47.8,-117.5,13
210,1-5378310,Overnight,234074,-122.51,44.7575,98671,300.0,2007-08-16,2007-08-20,60,,,1.0,,,,,,,,,,,,45.7,-122.2,4
211,1-5379290,Overnight,234038,-103.304,29.275,77386,39.0,2007-03-12,2007-03-15,4,1.0,,,,,,,,,,,,,,30.09,-95.36,3
212,1-5379922,Overnight,234059,-109.589,38.7769,84062,69.0,2007-04-18,2007-04-22,10,,,,,,1.0,,,,,,,,,40.39,-111.74,4
213,1-5380702,Overnight,234059,-109.589,38.7769,84062,54.0,2007-04-18,2007-04-21,10,,,,,,1.0,,,,,,,,,40.39,-111.74,3
214,1-5381662,Overnight,234038,-103.304,29.275,78613,19.0,2007-03-12,2007-03-13,2,,,,,,1.0,,,,,,,,,30.5,-97.82,1
215,1-5381760,Overnight,234035,-102.961,29.1825,78613,19.0,2007-03-13,2007-03-14,2,,,,,,1.0,,,,,,,,,30.5,-97.82,1
216,1-5381786,Overnight,234035,-102.961,29.1825,78613,19.0,2007-03-13,2007-03-14,2,,,,,,1.0,,,,,,,,,30.5,-97.82,1
217,1-5381797,Overnight,234038,-103.304,29.275,78613,19.0,2007-03-12,2007-03-13,2,,,,,,1.0,,,,,,,,,30.5,-97.82,1
218,1-5383058,Overnight,234059,-109.589,38.7769,80015,306.0,2007-05-29,2007-06-01,33,,,,,,1.0,,,,,,,,,39.62,-104.78,3
219,1-5383798,Overnight,234059,-109.589,38.7769,84062,69.0,2007-04-18,2007-04-22,6,,,,,,1.0,,,,,,,,,40.39,-111.74,4
220,1-5384839,Overnight,234059,-109.589,38.7769,84062,69.0,2007-04-18,2007-04-22,7,,,,,,1.0,,,,,,,,,40.39,-111.74,4
221,1-5386170,Overnight,234070,-118.69,47.9268,98926,219.0,2007-08-19,2007-08-24,12,,,,1.0,,,,,,,,,,,47.0,-120.4,5
222,1-5386643,Overnight,234071,-118.939,47.9331,98037,209.0,2007-07-01,2007-07-06,21,,,,,,1.0,,,,,,,,,47.84,-122.28,5
223,1-5386653,Overnight,234059,-109.589,38.7769,84062,69.0,2007-04-18,2007-04-22,10,,,,,,1.0,,,,,,,,,40.39,-111.74,4
224,1-5388863,Overnight,234035,-102.961,29.1825,78746,19.0,2007-03-10,2007-03-14,10,,,,,,1.0,,,,,,,,,30.3,-97.81,4
225,1-5389248,Overnight,234038,-103.304,29.275,78652,29.0,2007-03-12,2007-03-14,6,,,,,,1.0,,,,,,,,,30.13,-97.86,2
226,1-5390279,Overnight,234078,-103.522,29.1369,78611,84.0,2007-03-15,2007-03-16,25,,,,,,1.0,,,,,,,,,30.8,-98.3,1
227,1-5391372,Overnight,234073,-120.54,38.0075,95682,64.0,2007-02-09,2007-02-13,2,,,,,,1.0,,,,,,,,,38.6,-121.0,4
228,1-5391400,Overnight,234073,-120.54,38.0075,95682,10.0,2007-04-20,2007-04-24,2,,,,,,1.0,,,,,,,,,38.6,-121.0,4
229,1-5391495,Overnight,234038,-103.304,29.275,73034,69.0,2007-03-18,2007-03-24,4,,,,,,1.0,,,,,,,,,35.72,-97.43,6
230,1-5392113,Overnight,234079,-112.167,37.6344,94710,207.0,2007-08-20,2007-08-22,29,1.0,,,,,,,,,,,,,,37.87,-122.31,2
231,1-5392649,Overnight,234035,-102.961,29.1825,78620,39.0,2007-04-11,2007-04-14,5,,,,,,1.0,,,,,,,,,30.2,-98.1,3
232,1-5393773,Overnight,234074,-122.51,44.7575,97361,365.0,2007-08-21,2007-08-26,30,1.0,,1.0,,,,,,,,,,,,44.8,-123.4,5
233,1-5393821,Overnight,234059,-109.589,38.7769,98205,54.0,2007-04-23,2007-04-26,2,,,,,,1.0,,,,,,,,,48.0,-122.13,3
234,1-5394530,Day,234074,-122.51,44.7575,97330,110.0,2007-08-19,2007-08-19,70,,,,,,1.0,,,,,,,,,44.6,-123.3,0
235,1-5394565,Overnight,234035,-102.961,29.1825,78164,69.0,2007-03-01,2007-03-13,3,,,,,,1.0,,,,,,,,,29.0,-97.5,12
236,1-5394622,Overnight,234035,-102.961,29.1825,78164,19.0,2007-04-08,2007-04-18,4,,,,,,1.0,,,,,,,,,29.0,-97.5,10
237,1-5395359,Overnight,234059,-109.589,38.7769,83204,240.0,2007-05-14,2007-05-21,11,,,,,,1.0,,,,,,,,,42.8,-112.5,7
238,1-5395751,Overnight,234038,-103.304,29.275,77386,39.0,2007-02-12,2007-02-15,2,,,,,,1.0,,,,,,,,,30.09,-95.36,3
239,1-5396343,Overnight,234059,-109.589,38.7769,84062,39.0,2007-04-19,2007-04-21,10,,,,,,1.0,,,,,,,,,40.39,-111.74,2
240,1-5396554,Overnight,234069,-118.312,47.9088,98686,309.0,2007-08-05,2007-08-12,15,1.0,,1.0,,,,,,,,,,,,45.74,-122.63,7
241,1-5396558,Overnight,234069,-118.312,47.9088,98686,309.0,2007-08-05,2007-08-12,15,1.0,,,1.0,,,,,,,,,,,45.74,-122.63,7
242,1-5397639,Overnight,234070,-118.69,47.9268,99224,109.0,2007-08-21,2007-08-24,15,,,,,,1.0,,,,,,,,,47.6,-117.5,3
243,1-5398017,Day,234074,-122.51,44.7575,97301,110.0,2007-08-18,2007-08-18,60,,,,,,1.0,,,,,,,,,44.96,-123.0,0
244,1-5398268,Overnight,234524,-121.296,40.4511,89509,99.0,2007-08-17,2007-08-20,12,1.0,,,,,,,,,,,,,,39.5,-119.83,3
245,1-5398338,Overnight,234059,-109.589,38.7769,84020,29.0,2007-04-25,2007-04-30,2,,,,,,1.0,,,,,,,,,40.49,-111.85,5
246,1-5398634,Overnight,234038,-103.304,29.275,78676,153.0,2007-03-10,2007-03-14,12,,,,,,1.0,,,,,,,,,30.0,-98.1,4
247,1-5398684,Overnight,234038,-103.304,29.275,78676,129.0,2007-03-10,2007-03-14,10,,,,,,1.0,,,,,,,,,30.0,-98.1,4
248,1-5398806,Overnight,234074,-122.51,44.7575,97013,300.0,2007-08-22,2007-08-26,50,,,,,,1.0,,,,,,,,,45.2,-122.7,4
249,1-5401900,Day,234074,-122.51,44.7575,97306,60.0,2007-08-24,2007-08-24,40,,,,,,1.0,,,,,,,,,44.84,-123.09,0
250,1-5402318,Day,234074,-122.51,44.7575,97346,170.0,2007-08-10,2007-08-11,85,,,,,,1.0,,,,,,,,,44.7,-122.4,1
251,1-5402391,Day,234074,-122.51,44.7575,97013,60.0,2007-08-24,2007-08-24,100,,,,,,1.0,,,,,,,,,45.2,-122.7,0
252,1-5402440,Day,234074,-122.51,44.7575,97013,60.0,2007-08-23,2007-08-23,50,,,,,,1.0,,,,,,,,,45.2,-122.7,0
253,1-5402574,Overnight,234070,-118.69,47.9268,98092,309.0,2007-08-24,2007-08-31,25,1.0,,,1.0,,1.0,,,,,,,,,47.3,-122.1,7
254,1-5403857,Overnight,234059,-109.589,38.7769,81503,19.0,2007-03-10,2007-03-15,4,,,,,,1.0,,,,,,,,,39.02,-108.5,5
255,1-5405097,Overnight,234079,-112.167,37.6344,94710,207.0,2007-08-25,2007-08-27,30,,,,,,1.0,,,,,,,,,37.87,-122.31,2
256,1-5405293,Overnight,234038,-103.304,29.275,75208,19.0,2007-03-11,2007-03-17,20,,,,,,1.0,,,,,,,,,32.75,-96.84,6
257,1-5405884,Overnight,234038,-103.304,29.275,78728,29.0,2007-03-09,2007-03-11,4,,,,,,1.0,,,,,,,,,30.45,-97.69,2
258,1-5405898,Overnight,234177,-122.351,44.5858,97448,80.0,2007-07-06,2007-07-08,20,,,,,,1.0,,,,,,,,,44.2,-123.3,2
259,1-5407217,Day,234074,-122.51,44.7575,97013,110.0,2007-08-26,2007-08-26,60,,,,,,1.0,,,,,,,,,45.2,-122.7,0
260,1-5407405,Overnight,234071,-118.939,47.9331,98208,459.0,2007-08-11,2007-08-21,16,,,,,,1.0,,,,,,,,,47.9,-122.18,10
261,1-5407669,Overnight,234035,-102.961,29.1825,48169,43.0,2007-03-20,2007-03-23,3,,,,,,,1.0,,,,,,,,42.5,-83.9,3
262,1-5408540,Overnight,234071,-118.939,47.9331,98826,309.0,2007-08-23,2007-08-29,16,,,,,,1.0,,,,,,,,,47.7,-120.8,6
263,1-5409074,Overnight,234524,-121.296,40.4511,95928,69.0,2007-08-10,2007-08-12,15,,,,,,1.0,,,,,,,,,39.7,-121.8,2
264,1-5409309,Overnight,234038,-103.304,29.275,77469,39.0,2007-03-14,2007-03-17,4,,,,,,1.0,,,,,,,,,29.5,-95.7,3
265,1-5410472,Overnight,234057,-107.172,38.4856,80216,259.0,2007-08-01,2007-08-06,50,,,,,,1.0,,,,,,,,,39.79,-104.95,5
266,1-5410489,Overnight,234074,-122.51,44.7575,97229,10.0,2007-08-03,2007-08-05,2,,,,,,1.0,,,,,,,,,45.55,-122.81,2
267,1-5410768,Overnight,234035,-102.961,29.1825,78759,19.0,2007-03-14,2007-03-17,5,,,,,,1.0,,,,,,,,,30.4,-97.75,3
268,1-5410991,Overnight,234069,-118.312,47.9088,98650,19.0,2007-07-16,2007-07-23,45,1.0,1.0,1.0,,,1.0,,,,,,,,,45.9,-121.5,7
269,1-5412104,Overnight,234035,-102.961,29.1825,88220,79.0,2007-02-14,2007-02-28,2,,,,,,1.0,,,,,,,,,32.4,-104.3,14
270,1-5412105,Overnight,234035,-102.961,29.1825,88220,79.0,2007-02-14,2007-02-28,2,,,,,,1.0,,,,,,,,,32.4,-104.3,14
271,1-5412678,Overnight,234074,-122.51,44.7575,97266,300.0,2007-08-30,2007-09-03,20,1.0,,,,,,,,,,,,,,45.48,-122.56,4
272,1-5412681,Overnight,234074,-122.51,44.7575,97266,160.0,2007-08-30,2007-09-03,6,,,,,,1.0,,,,,,,,,45.48,-122.56,4
273,1-5413584,Overnight,234035,-102.961,29.1825,76549,49.0,2007-03-11,2007-03-15,2,,,,,,1.0,,,,,,,,,31.0,-97.8,4
274,1-5413810,Overnight,234070,-118.69,47.9268,99185,209.0,2007-08-30,2007-09-03,20,,,,,,1.0,,,,,,,,,47.7,-118.7,4
275,1-5414423,Overnight,234074,-122.51,44.7575,97317,80.0,2007-07-06,2007-07-08,3,,,,,,1.0,,,,,,,,,44.9,-122.9,2
276,1-5414748,Overnight,234057,-107.172,38.4856,81501,159.0,2007-08-31,2007-09-03,40,1.0,,,,,1.0,,,,,,,,,39.07,-108.55,3
277,1-5414778,Overnight,234060,-121.261,48.675,98225,137.0,2007-08-31,2007-09-04,10,,,,,,1.0,,,,,,,,,48.74,-122.53,4
278,1-5414788,Overnight,234060,-121.261,48.675,98225,105.0,2007-08-31,2007-09-03,10,,,,,,1.0,,,,,,,,,48.74,-122.53,3
279,1-5414952,Overnight,234524,-121.296,40.4511,95926,99.0,2007-08-31,2007-09-03,15,1.0,,,,,1.0,,,,,,,,,39.74,-121.84,3
280,1-5414954,Overnight,234524,-121.296,40.4511,95926,99.0,2007-08-31,2007-09-03,15,1.0,,,,,1.0,,,,,,,,,39.74,-121.84,3
281,1-5415043,Overnight,234035,-102.961,29.1825,73110,69.0,2007-02-16,2007-02-28,2,,,,1.0,,1.0,,,,,,,,,35.46,-97.4,12
282,1-5415061,Overnight,234035,-102.961,29.1825,77378,69.0,2007-02-16,2007-02-28,2,,,,1.0,,1.0,,,,,,,,,30.5,-95.4,12
283,1-5415202,Overnight,234059,-109.589,38.7769,80128,54.0,2007-03-28,2007-03-31,5,,,,,,1.0,,,,,,,,,39.57,-105.08,3
284,1-5415453,Overnight,234074,-122.51,44.7575,97213-4539,235.0,2007-08-31,2007-09-03,60,,,,,,1.0,,,,,,,,,45.54,-122.6,3
285,1-5415766,Overnight,234035,-102.961,29.1825,88081,189.0,2007-03-10,2007-03-15,12,,,,,,1.0,,,,,,,,,32.1,-106.4,5
286,1-5415950,Overnight,234043,-92.5569,36.0731,71227,109.0,2007-03-30,2007-04-09,2,,,,1.0,,,1.0,,,,,,,,32.5,-92.5,10
287,1-5415959,Overnight,234043,-92.5569,36.0731,71129,209.0,2007-03-30,2007-04-09,2,,,1.0,,,,1.0,,,,,,,,32.4,-93.9,10
288,1-5415969,Overnight,234038,-103.304,29.275,81006,59.0,2007-02-18,2007-02-23,2,,,,,,1.0,,,,,,,,,38.2,-104.5,5
289,1-5415982,Overnight,234043,-92.5569,36.0731,71270,189.0,2007-03-30,2007-04-08,2,,,1.0,,,,1.0,,,,,,,,32.5,-92.6,9
290,1-5415995,Overnight,234043,-92.5569,36.0731,71270,189.0,2007-03-30,2007-04-08,6,,,,1.0,,,1.0,,,,,,,,32.5,-92.6,9
291,1-5416001,Overnight,234038,-103.304,29.275,81006,59.0,2007-02-18,2007-02-23,2,,,,,,1.0,,,,,,,,,38.2,-104.5,5
292,1-5416053,Overnight,234043,-92.5569,36.0731,71129,149.0,2007-03-31,2007-04-07,4,,,1.0,,,,,,,,,,,,32.4,-93.9,7
293,1-5417009,Overnight,234035,-102.961,29.1825,15209,44.0,2007-01-21,2007-01-28,2,,,,,,1.0,,,,,,,,,40.5,-79.97,7
294,1-5417128,Overnight,234050,-96.9675,34.505,77039,81.0,2007-09-01,2007-09-04,25,,,,,,1.0,,,,,,,,,29.91,-95.34,3
295,1-5417186,Overnight,234038,-103.304,29.275,78058,189.0,2007-02-12,2007-02-16,15,,,,,,1.0,,,,,,,,,30.1,-99.5,4
296,1-5418298,Overnight,234035,-102.961,29.1825,04416,89.0,2007-04-12,2007-04-20,8,,,,,,1.0,,,,,,,,,44.6,-68.7,8
297,1-5418302,Overnight,234035,-102.961,29.1825,04416,89.0,2007-04-12,2007-04-20,5,,,,,,1.0,,,,,,,,,44.6,-68.7,8
298,1-5418303,Overnight,234035,-102.961,29.1825,04416,89.0,2007-04-12,2007-04-20,8,,,,,,1.0,,,,,,,,,44.6,-68.7,8
299,1-5419385,Overnight,234049,-96.9675,34.505,73439,105.0,2007-08-30,2007-09-03,25,,,,,,1.0,,,,,,,,,33.9,-96.8,4
300,1-5419467,Overnight,234079,-112.167,37.6344,94710,19.0,2007-09-02,2007-09-04,30,,,,,,1.0,,,,,,,,,37.87,-122.31,2
301,1-5420150,Overnight,234050,-96.9675,34.505,77591,153.0,2007-08-28,2007-09-03,20,1.0,,,,,,,,,,,,,,29.41,-95.0,6
302,1-5420155,Overnight,234050,-96.9675,34.505,77591,153.0,2007-08-28,2007-09-03,25,1.0,,,,,,,,,,,,,,29.41,-95.0,6
303,1-5420160,Overnight,234050,-96.9675,34.505,77591,81.0,2007-08-30,2007-09-02,15,1.0,,1.0,,,,,,,,,,,,29.41,-95.0,3
304,1-5420570,Overnight,234070,-118.69,47.9268,98223,209.0,2007-08-31,2007-09-04,25,,,,,,1.0,,,,,,,,,48.2,-122.0,4
305,1-5421549,Overnight,234045,-91.4083,37.2831,60060,209.0,2007-09-01,2007-09-03,20,,,,,,1.0,,,,,,,,,42.27,-88.04,2
306,1-5421555,Overnight,234045,-91.4083,37.2831,60060,209.0,2007-09-01,2007-09-03,20,,,,,,1.0,,,,,,,,,42.27,-88.04,2
307,1-5421557,Overnight,234045,-91.4083,37.2831,60060,209.0,2007-09-01,2007-09-03,10,,,,,,1.0,,,,,,,,,42.27,-88.04,2
308,1-5421710,Overnight,234046,-91.4497,37.1472,64490,77.0,2007-07-11,2007-07-15,6,,,,,,1.0,,,,,,,,,39.8,-94.5,4
309,1-5421969,Overnight,234059,-109.589,38.7769,4151,24.0,2007-05-04,2007-05-05,2,,,,,,1.0,,,,,,,,,,,1
310,1-5423572,Overnight,234059,-109.589,38.7769,84020,31.5,2007-05-11,2007-05-14,2,,,,1.0,,,,,,,,,,,40.49,-111.85,3
311,1-5425202,Overnight,234074,-122.51,44.7575,98665,300.0,2007-09-06,2007-09-10,30,1.0,,1.0,,,,,,,,,,,,45.7,-122.66,4
312,1-5425232,Overnight,234074,-122.51,44.7575,98665,160.0,2007-09-06,2007-09-10,6,,,,,,1.0,,,,,,,,,45.7,-122.66,4
313,1-5425234,Overnight,234074,-122.51,44.7575,98665,160.0,2007-09-06,2007-09-10,6,,,,,,1.0,,,,,,,,,45.7,-122.66,4
314,1-5425413,Overnight,234068,-118.312,48.1246,98290,259.0,2007-08-30,2007-09-04,15,,,,,,1.0,,,,,,,,,47.9,-122.0,5
315,1-5425596,Overnight,234524,-121.296,40.4511,97520,249.0,2007-07-28,2007-08-05,15,,,,,,1.0,,,,,,,,,42.2,-122.5,8
316,1-5425602,Overnight,234524,-121.296,40.4511,97520,249.0,2007-07-28,2007-08-05,15,,,,,,1.0,,,,,,,,,42.2,-122.5,8
317,1-5427437,Overnight,234059,-109.589,38.7769,84121,31.5,2007-05-03,2007-05-06,8,,,,,,1.0,,,,,,,,,40.7,-111.7,3
318,1-5427454,Overnight,234059,-109.589,38.7769,84121,54.0,2007-05-03,2007-05-06,10,,,,,,1.0,,,,,,,,,40.7,-111.7,3
319,1-5427720,Overnight,234038,-103.304,29.275,75228,39.0,2007-03-11,2007-03-14,4,1.0,,,,,,,,,,,,,,32.83,-96.68,3
320,1-5427824,Overnight,234059,-109.589,38.7769,81601-9346,54.0,2007-04-26,2007-04-29,4,,,,,,1.0,,,,,,,,,39.6,-107.3,3
321,1-5428624,Overnight,234035,-102.961,29.1825,78232,29.0,2007-03-13,2007-03-15,4,,,,,,1.0,,,,,,,,,29.58,-98.48,2
322,1-5429492,Overnight,234043,-92.5569,36.0731,72227,165.0,2007-06-01,2007-06-03,25,,,,,,1.0,,,,,,,,,34.78,-92.37,2
323,1-5430004,Overnight,234066,-118.115,48.5924,99114,209.0,2007-08-16,2007-08-20,25,,,,,,1.0,,,,,,,,,48.7,-117.8,4
324,1-5430015,Overnight,234066,-118.115,48.5924,99114,209.0,2007-08-16,2007-08-20,25,,,,,,1.0,,,,,,,,,48.7,-117.8,4
325,1-5430535,Overnight,234073,-120.54,38.0075,91321,48.0,2007-04-26,2007-04-29,4,,,,,,1.0,,,,,,,,,34.37,-118.48,3
326,1-5430839,Overnight,234046,-91.4497,37.1472,64490,77.0,2007-07-11,2007-07-15,4,,,,,,1.0,,,,,,,,,39.8,-94.5,4
327,1-5431458,Overnight,234038,-103.304,29.275,10019,49.0,2007-03-23,2007-03-27,2,,,,,,1.0,,,,,,,,,40.77,-73.99,4
328,1-5432966,Day,234075,-121.987,45.3561,97211,105.0,2007-08-11,2007-08-11,40,,,,,,1.0,,,,,,,,,45.58,-122.64,0
329,1-5432967,Day,234075,-121.987,45.3561,97211,105.0,2007-08-11,2007-08-11,40,,,,,,1.0,,,,,,,,,45.58,-122.64,0
330,1-5433014,Overnight,234035,-102.961,29.1825,75238,39.0,2007-03-11,2007-03-14,4,,,,,,1.0,,,,,,,,,32.88,-96.71,3
331,1-5433797,Overnight,234059,-109.589,38.7769,20832,99.0,2007-03-11,2007-03-17,4,,,,,,1.0,,,,,,,,,39.15,-77.08,6
332,1-5434189,Overnight,234357,-91.4831,37.3344,62521,409.0,2007-08-31,2007-09-04,8,,,,,,1.0,,,,,,,,,39.8,-89.0,4
333,1-5434567,Overnight,234059,-109.589,38.7769,84106,141.0,2007-08-30,2007-09-03,11,,,,,,1.0,,,,,,,,,40.71,-111.86,4
334,1-5434839,Overnight,234035,-102.961,29.1825,79601,29.0,2007-03-11,2007-03-15,7,,,,,,1.0,,,,,,,,,32.6,-99.6,4
335,1-5435979,Overnight,234357,-91.4831,37.3344,68135,409.0,2007-08-30,2007-09-03,20,,,,,,1.0,,,,,,,,,41.21,-96.19,4
336,1-5436214,Overnight,234060,-121.261,48.675,94526,169.0,2007-08-12,2007-08-17,16,,,,,,1.0,,,,,,,,,37.81,-121.99,5
337,1-5436920,Overnight,234524,-121.296,40.4511,95926,69.0,2007-07-20,2007-07-22,15,1.0,,,,,,,,,,,,,,39.74,-121.84,2
338,1-5436926,Overnight,234524,-121.296,40.4511,95926,69.0,2007-07-20,2007-07-22,15,1.0,,,,,,,,,,,,,,39.74,-121.84,2
339,1-5437263,Overnight,234524,-121.296,40.4511,91104,189.0,2007-07-22,2007-07-28,10,,,,,,1.0,,,,,,,,,34.17,-118.12,6
340,1-5437278,Overnight,234524,-121.296,40.4511,91104,189.0,2007-07-22,2007-07-28,12,,,,,,1.0,,,,,,,,,34.17,-118.12,6
341,1-5437570,Overnight,234046,-91.4497,37.1472,64490,77.0,2007-07-11,2007-07-15,6,,,1.0,,,,,,,,,,,,39.8,-94.5,4
342,1-5438161,Day,234075,-121.987,45.3561,97055,105.0,2007-08-04,2007-08-04,80,,,,,,1.0,,,,,,,,,45.4,-122.2,0
343,1-5438165,Day,234075,-121.987,45.3561,97055,105.0,2007-08-04,2007-08-04,80,,,,,,1.0,,,,,,,,,45.4,-122.2,0
344,1-5438393,Overnight,234074,-122.51,44.7575,97128,150.0,2007-08-30,2007-09-01,50,,,,,,1.0,,,,,,,,,45.2,-123.3,2
345,1-5438827,Overnight,234059,-109.589,38.7769,84093,69.0,2007-05-02,2007-05-06,5,,,,,,1.0,,,,,,,,,40.6,-111.83,4
346,1-5438830,Overnight,234059,-109.589,38.7769,84093,69.0,2007-05-02,2007-05-06,4,,,,,,1.0,,,,,,,,,40.6,-111.83,4
347,1-5438904,Overnight,234059,-109.589,38.7769,84105,108.0,2007-05-25,2007-05-28,11,,,,,,1.0,,,,,,,,,40.74,-111.86,3
348,1-5439015,Overnight,234038,-103.304,29.275,78704,39.0,2007-02-15,2007-02-18,8,,,,,,1.0,,,,,,,,,30.24,-97.75,3
349,1-5439330,Overnight,234059,-109.589,38.7769,84040,84.0,2007-04-18,2007-04-23,2,,,1.0,,,1.0,,,,,,,,,41.1,-111.9,5
350,1-5439843,Overnight,234059,-109.589,38.7769,98296,19.0,2007-03-11,2007-03-14,2,,,1.0,,,,,,,,,,,,47.9,-122.1,3
351,1-5440135,Overnight,234079,-112.167,37.6344,80301,60.0,2007-07-29,2007-07-30,14,,,,,,1.0,,,,,,,,,40.05,-105.21,1
352,1-5440182,Overnight,234035,-102.961,29.1825,73118-7324,79.0,2007-01-21,2007-02-04,2,,,,,,1.0,,,,,,,,,35.52,-97.53,14
353,1-5440209,Overnight,234035,-102.961,29.1825,81210,79.0,2007-01-21,2007-02-04,2,,,,,,1.0,,,,,,,,,38.8,-106.6,14
354,1-5440358,Overnight,234059,-109.589,38.7769,535465452,61.5,2007-04-21,2007-04-28,2,,,,,,1.0,,,,,,,,,42.7,-89.0,7
355,1-5440499,Overnight,234038,-103.304,29.275,78704,39.0,2007-02-15,2007-02-18,8,,,,,,1.0,,,,,,,,,30.24,-97.75,3
356,1-5442184,Overnight,234035,-102.961,29.1825,80132,79.0,2007-03-23,2007-04-06,2,,,,1.0,,,,,,,,,,,39.1,-104.9,14
357,1-5442275,Overnight,234063,-118.69,47.9268,98001,119.0,2007-05-19,2007-05-29,4,,,,1.0,,,1.0,,,,,,,,47.31,-122.27,10
358,1-5442322,Overnight,234059,-109.589,38.7769,99004,117.0,2007-03-27,2007-03-30,12,,,,,,1.0,,,,,,,,,47.4,-117.6,3
359,1-5443164,Overnight,234059,-109.589,38.7769,07039,99.0,2007-05-28,2007-05-30,15,,,,,,1.0,,,,,,,,,40.79,-74.33,2
360,1-5443178,Overnight,234079,-112.167,37.6344,07039,54.0,2007-06-05,2007-06-06,12,,,,,,1.0,,,,,,,,,40.79,-74.33,1
361,1-5443231,Overnight,234524,-121.296,40.4511,95928,129.0,2007-08-05,2007-08-09,12,1.0,,,,,1.0,1.0,,,,,,,,39.7,-121.8,4
362,1-5443233,Overnight,234524,-121.296,40.4511,95928,129.0,2007-08-05,2007-08-09,12,1.0,,,,,1.0,1.0,,,,,,,,39.7,-121.8,4
363,1-5443579,Overnight,234059,-109.589,38.7769,81625,39.0,2007-05-18,2007-05-20,5,,,,,,1.0,,,,,,,,,40.6,-107.7,2
364,1-5443599,Overnight,234059,-109.589,38.7769,81625,39.0,2007-05-18,2007-05-20,5,,,,,,1.0,,,,,,,,,40.6,-107.7,2
365,1-5444426,Overnight,234357,-91.4831,37.3344,65203,209.0,2007-06-08,2007-06-10,25,,,,,,1.0,,,,,,,,,38.9,-92.4,2
366,1-5446170,Overnight,234035,-102.961,29.1825,77573,19.0,2007-03-10,2007-03-17,5,,,,,,1.0,,,,,,,,,29.5,-95.09,7
367,1-5446883,Overnight,234059,-109.589,38.7769,84014,42.0,2007-03-16,2007-03-17,11,,,,,,1.0,,,,,,,,,40.95,-111.84,1
368,1-5447047,Overnight,234059,-109.589,38.7769,63108,39.0,2007-05-03,2007-05-05,2,,,,,,1.0,,,,,,,,,38.65,-90.25,2
369,1-5447296,Overnight,234038,-103.304,29.275,78028,49.0,2007-03-10,2007-03-14,5,,,,,,1.0,,,,,,,,,30.1,-99.2,4
370,1-5448164,Overnight,234043,-92.5569,36.0731,71766,109.0,2007-05-23,2007-05-28,4,,,,,,1.0,,,,,,,,,33.74,-92.51,5
371,1-5448255,Day,234074,-122.51,44.7575,97361,60.0,2007-08-30,2007-08-30,150,,,,,,1.0,,,,,,,,,44.8,-123.4,0
372,1-5448277,Day,234074,-122.51,44.7575,97361,110.0,2007-09-01,2007-09-01,150,,,,,,1.0,,,,,,,,,44.8,-123.4,0
373,1-5448304,Day,234074,-122.51,44.7575,97361,60.0,2007-08-31,2007-08-31,150,,,,,,1.0,,,,,,,,,44.8,-123.4,0
374,1-5448334,Overnight,234074,-122.51,44.7575,97361,80.0,2007-08-31,2007-09-02,6,,,,,,1.0,,,,,,,,,44.8,-123.4,2
375,1-5448618,Overnight,234079,-112.167,37.6344,92592,19.0,2007-06-16,2007-06-22,20,,,,,,1.0,,,,,,,,,33.5,-117.0,6
376,1-5449353,Overnight,234066,-118.115,48.5924,99218,309.0,2007-08-02,2007-08-06,50,,,,,,1.0,,,,,,,,,47.76,-117.44,4
377,1-5449359,Overnight,234066,-118.115,48.5924,99218,309.0,2007-08-02,2007-08-06,50,,,,,,1.0,,,,,,,,,47.76,-117.44,4
378,1-5451200,Overnight,234058,-112.167,37.6344,84020,19.0,2007-05-24,2007-05-30,2,,,,,,1.0,,,,,,,,,40.49,-111.85,6
379,1-5452073,Overnight,234044,-90.9831,36.9625,38222,94.0,2007-05-24,2007-05-29,2,,,,,,1.0,,,,,,,,,36.4,-88.2,5
380,1-5453889,Overnight,234063,-118.69,47.9268,83837,24.0,2007-05-25,2007-05-28,2,,,,,,1.0,,,,,,,,,47.5,-116.1,3
381,1-5454129,Overnight,234037,-81.7311,36.1389,28270,41.0,2007-05-18,2007-05-20,2,,,,,,1.0,,,,,,,,,35.11,-80.76,2
382,1-5454975,Overnight,234063,-118.69,47.9268,99185,49.0,2007-05-24,2007-05-28,5,1.0,,,1.0,,,,,,,,,,,47.7,-118.7,4
383,1-5455076,Overnight,234059,-109.589,38.7769,48301,369.0,2007-07-02,2007-07-06,30,1.0,,,,,,,,,,,,,,42.54,-83.28,4
384,1-5455093,Overnight,234059,-109.589,38.7769,48301,19.0,2007-07-06,2007-07-10,30,1.0,,,,,,,,,,,,,,42.54,-83.28,4
385,1-5455113,Overnight,234059,-109.589,38.7769,48301,369.0,2007-07-09,2007-07-13,30,1.0,,,,,,,,,,,,,,42.54,-83.28,4
386,1-5455124,Overnight,234059,-109.589,38.7769,48301,369.0,2007-07-13,2007-07-17,30,1.0,,,,,,,,,,,,,,42.54,-83.28,4
387,1-5456284,Overnight,234043,-92.5569,36.0731,72903,89.0,2007-05-24,2007-05-28,6,,,,,,1.0,,,,,,,,,35.35,-94.35,4
388,1-5456294,Overnight,234043,-92.5569,36.0731,72903,89.0,2007-05-24,2007-05-28,6,,,,,,1.0,,,,,,,,,35.35,-94.35,4
389,1-5456300,Overnight,234043,-92.5569,36.0731,72903,89.0,2007-05-24,2007-05-28,6,,,,,,1.0,,,,,,,,,35.35,-94.35,4
390,1-5456305,Overnight,234043,-92.5569,36.0731,72903,89.0,2007-05-24,2007-05-28,6,,,,,,1.0,,,,,,,,,35.35,-94.35,4
391,1-5456453,Overnight,234044,-90.9831,36.9625,38222,60.0,2007-05-25,2007-05-28,4,,,,,,1.0,,,,,,,,,36.4,-88.2,3
392,1-5456598,Overnight,234038,-103.304,29.275,75204,29.0,2007-03-12,2007-03-14,4,,,,,,1.0,,,,,,,,,32.8,-96.79,2
393,1-5456844,Overnight,234177,-122.351,44.5858,97321,130.0,2007-06-30,2007-07-04,35,,,,,,1.0,,,,,,,,,44.6,-123.2,4
394,1-5457887,Day,234074,-122.51,44.7575,97005,340.0,2007-06-28,2007-07-01,15,1.0,,,,,1.0,,,,,,,,,45.5,-122.8,3
395,1-5457910,Overnight,234035,-102.961,29.1825,76048,19.0,2007-03-11,2007-03-15,2,,,,,,1.0,,,,,,,,,32.4,-97.8,4
396,1-5458332,Overnight,234058,-112.167,37.6344,93447,59.0,2007-05-26,2007-05-31,2,,,1.0,,,,,,,,,,,,,,5
397,1-5458528,Overnight,234063,-118.69,47.9268,98270,49.0,2007-05-25,2007-05-29,4,,,,,,1.0,,,,,,,,,48.06,-122.16,4
398,1-5458636,Overnight,234063,-118.69,47.9268,98270,39.0,2007-05-25,2007-05-28,4,,,,,,1.0,,,,,,,,,48.06,-122.16,3
399,1-5458940,Overnight,234047,-96.9897,34.4289,73068,75.0,2007-05-25,2007-05-28,4,,,,,,1.0,,,,,,,,,35.1,-97.3,3
400,1-5459031,Overnight,234063,-118.69,47.9268,99103,39.0,2007-05-25,2007-05-28,10,,,,,,1.0,,,,,,,,,47.7,-119.0,3
401,1-5459259,Overnight,234063,-118.69,47.9268,99185,39.0,2007-05-25,2007-05-28,10,,,,,,1.0,,,,,,,,,47.7,-118.7,3
402,1-5459263,Overnight,234063,-118.69,47.9268,99185,39.0,2007-05-25,2007-05-28,8,,,,,,1.0,,,,,,,,,47.7,-118.7,3
403,1-5459265,Day,234074,-122.51,44.7575,97303,230.0,2007-08-16,2007-08-18,60,,,,,,1.0,,,,,,,,,45.03,-123.01,2
404,1-5459448,Overnight,234038,-103.304,29.275,78610,49.0,2007-04-05,2007-04-09,6,,,,,,1.0,,,,,,,,,30.1,-97.8,4
405,1-5459472,Overnight,234038,-103.304,29.275,78610,49.0,2007-03-15,2007-03-19,6,,,,,,1.0,,,,,,,,,30.1,-97.8,4
406,1-5459667,Overnight,234038,-103.304,29.275,35229-2237,19.0,2007-03-18,2007-03-24,12,,,,,,1.0,,,,,,,,,33.464,-86.799,6
407,11-5329886,Overnight,232472,-116.156,34.12,91601,20.0,2007-01-27,2007-01-28,7,,,,,,1.0,,,,,,,,,34.17,-118.37,1
408,11-5329887,Overnight,232472,-116.156,34.12,92679,40.0,2007-01-26,2007-01-28,20,,,,,,1.0,,,,,,,,,33.6,-117.5,2
409,11-5329890,Overnight,232472,-116.156,34.12,91601,105.0,2007-02-02,2007-02-05,52,,,,,,1.0,,,,,,,,,34.17,-118.37,3
410,11-5329894,Overnight,232472,-116.156,34.12,91741,105.0,2007-02-02,2007-02-05,15,,,,,,1.0,,,,,,,,,34.16,-117.84,3
411,11-5329896,Overnight,232472,-116.156,34.12,92679,40.0,2007-01-26,2007-01-28,20,,,,,,1.0,,,,,,,,,33.6,-117.5,2
412,11-5329897,Overnight,232472,-116.156,34.12,91601,60.0,2007-02-02,2007-02-05,15,,,,,,1.0,,,,,,,,,34.17,-118.37,3
413,11-5329902,Overnight,232472,-116.156,34.12,92679,70.0,2007-01-26,2007-01-28,60,,,,,,1.0,,,,,,,,,33.6,-117.5,2
414,11-5329905,Overnight,232472,-116.156,34.12,91601,60.0,2007-02-02,2007-02-05,20,,,,,,1.0,,,,,,,,,34.17,-118.37,3
415,11-5329908,Overnight,232472,-116.156,34.12,91741,60.0,2007-02-02,2007-02-05,20,,,,,,1.0,,,,,,,,,34.16,-117.84,3
416,11-5329911,Overnight,232472,-116.156,34.12,91759,60.0,2007-02-02,2007-02-05,25,,,,,,1.0,,,,,,,,,34.237,-117.658,3
417,11-5329913,Overnight,232495,-80.9417,25.1386,40422,64.0,2007-02-02,2007-02-06,2,,,,,,1.0,,,,,,,,,37.6,-84.8,4
418,11-5329919,Overnight,232472,-116.156,34.12,91601,60.0,2007-02-02,2007-02-05,20,,,,,,1.0,,,,,,,,,34.17,-118.37,3
419,11-5329924,Overnight,232472,-116.156,34.12,90042,20.0,2007-01-27,2007-01-28,25,,,,,,1.0,,,,,,,,,34.11,-118.19,1
420,11-5329925,Overnight,232472,-116.156,34.12,91001,60.0,2007-02-02,2007-02-05,15,,,,,,1.0,,,,,,,,,34.22,-118.13,3
421,11-5329934,Overnight,232495,-80.9417,25.1386,80223,32.0,2007-02-02,2007-02-04,2,,,,,,1.0,,,,,,,,,39.69,-105.0,2
422,11-5329935,Overnight,232495,-80.9417,25.1386,80223,32.0,2007-02-02,2007-02-04,2,,,,,,1.0,,,,,,,,,39.69,-105.0,2
423,11-5329951,Overnight,232470,-116.118,33.9992,90404,100.0,2007-01-24,2007-01-29,24,,,,,,1.0,,,,,,,,,34.03,-118.47,5
424,11-5330024,Overnight,232470,-116.118,33.9992,92374,70.0,2007-02-02,2007-02-04,7,,,,,,1.0,,,,,,,,,34.06,-117.18,2
425,11-5330037,Overnight,232470,-116.118,33.9992,90605,20.0,2007-02-03,2007-02-04,7,,,,,,1.0,,,,,,,,,33.95,-118.02,1
426,11-5330238,Overnight,232496,-116.868,36.4631,92708,36.0,2007-01-28,2007-02-01,2,,,,,,1.0,,,,,,,,,33.71,-117.95,4
427,11-5330314,Overnight,232496,-116.868,36.4631,90503,36.0,2007-01-28,2007-02-01,2,,,,,,1.0,,,,,,,,,33.84,-118.35,4
428,11-5330387,Overnight,232496,-116.868,36.4631,89052,18.0,2007-01-26,2007-01-28,4,,,,,,1.0,,,,,,,,,35.98,-115.1,2
429,11-5330629,Overnight,232496,-116.868,36.4631,95946,54.0,2007-01-28,2007-02-01,2,,,,,,1.0,,,,,,,,,39.2,-121.2,4
430,11-5331768,Overnight,232496,-116.868,36.4631,95014,63.0,2007-01-24,2007-01-31,2,,,,,,1.0,,,,,,,,,37.3,-122.07,7
431,11-5332131,Overnight,232496,-116.868,36.4631,V9M 3S1,36.0,2007-02-02,2007-02-04,1,,,,,,1.0,,,,,,,,,,,2
432,11-5332875,Overnight,232496,-116.868,36.4631,89436,162.0,2007-01-22,2007-01-31,2,,,,,,1.0,,,,,,,,,39.61,-119.71,9
433,11-5333222,Overnight,232495,-80.9417,25.1386,37738,112.0,2007-01-20,2007-01-27,2,,,,,,1.0,,,,,,,,,35.7,-83.5,7
434,11-5334294,Overnight,232496,-116.868,36.4631,08088,18.0,2007-01-31,2007-02-01,2,,,,,,1.0,,,,,,,,,39.8,-74.7,1
435,11-5335098,Overnight,232496,-116.868,36.4631,90712,36.0,2007-01-26,2007-01-28,1,,,,,,1.0,,,,,,,,,33.84,-118.15,2
436,11-5336116,Overnight,232472,-116.156,34.12,92313,40.0,2007-01-26,2007-01-28,20,,,,,,1.0,,,,,,,,,34.03,-117.31,2
437,11-5336126,Overnight,232472,-116.156,34.12,92313,40.0,2007-01-26,2007-01-28,20,,,,,,1.0,,,,,,,,,34.03,-117.31,2
438,11-5341907,Overnight,232495,-80.9417,25.1386,25411,48.0,2007-02-03,2007-02-06,2,,,,,,1.0,,,,,,,,,39.5,-78.2,3
439,11-5343347,Overnight,232495,-80.9417,25.1386,19606,16.0,2007-01-29,2007-01-31,2,,,,,,1.0,,,,,,,,,40.33,-75.86,2
440,11-5344184,Overnight,232496,-116.868,36.4631,87122,54.0,2007-02-01,2007-02-04,2,,,,,,1.0,,,,,,,,,35.2,-106.5,3
441,11-5344900,Overnight,232495,-80.9417,25.1386,J0E,48.0,2007-01-22,2007-01-25,2,,,,,,1.0,,,,,,,,,,,3
442,11-5354071,Overnight,232472,-116.156,34.12,91387,20.0,2007-01-27,2007-01-31,2,,,,,,1.0,,,,,,,,,34.41,-118.4,4
443,11-5357921,Overnight,232472,-116.156,34.12,91701,40.0,2007-01-26,2007-01-28,20,,,,,,1.0,,,,,,,,,34.15,-117.59,2
444,11-5360108,Overnight,232495,-80.9417,25.1386,60451,112.0,2007-02-03,2007-02-17,2,,,,,,1.0,,,,,,,,,41.51,-87.96,14
445,11-5371231,Overnight,232495,-80.9417,25.1386,55113,16.0,2007-01-25,2007-01-27,2,,,,,,1.0,,,,,,,,,45.01,-93.16,2
446,11-5372816,Overnight,232496,-116.868,36.4631,95947,54.0,2007-01-25,2007-01-31,1,,,,,,1.0,,,,,,,,,40.2,-120.9,6
